periodo,anio,mes,idareapermisoconcesion,areapermisoconcesion,prod_pet_m3,prod_gas_km3,wells_with_oil,well_count,company_count,tef_sum
2025-12-01,2025,12,LCAM,LOMA CAMPANA,510554.6199999997,109436.93999999993,687,827,1,20393.41999999999
2025-12-01,2025,12,LAC,LA AMARGA CHICA,428654.0700000002,53893.41000000005,290,305,1,8306.559999999994
2025-12-01,2025,12,BNDS,BANDURRIA SUR,316762.45,63423.96,187,199,1,5221.839999999999
2025-12-01,2025,12,BAPO,BAJADA DEL PALO OESTE,251993.67299999995,29200.964,152,161,1,4394.6680000000015
2025-12-01,2025,12,LAS1,LA ANGOSTURA SUR I,171289.45000000004,39212.469999999994,48,48,1,1399.2900000000006
2025-12-01,2025,12,BCLI,BAJO DEL CHOIQUE - LA INVERNADA,111462.91,40618.97,29,31,1,855.0
2025-12-01,2025,12,LCA,LA CALERA,104893.683,282137.3689999999,94,116,1,2443.7277709999994
2025-12-01,2025,12,ETE,EL TRAPIAL ESTE,103367.46999999999,46267.01599999999,35,40,1,1014.5830000000001
2025-12-01,2025,12,AGUH,AGUADA DEL CHAÑAR,98327.85999999996,7746.259999999998,63,64,1,1664.83
2025-12-01,2025,12,RDA,RINCON DE ARANDA,91678.7329,5971.1582020000005,24,29,1,738.9444100000001
2025-12-01,2025,12,LAT,LINDERO ATRAVESADO,79552.85510000002,8852.644500000002,61,64,1,1883.2708100000007
2025-12-01,2025,12,BAPE,BAJADA DEL PALO ESTE,63388.83099999999,3643.611000000001,26,30,1,795.9010000000001
2025-12-01,2025,12,CANC,COIRON AMARGO SUR ESTE,54632.391200000005,3266.4942080000005,28,31,1,848.7111100000001
2025-12-01,2025,12,CDLO,CRUZ DE LORENA,53988.60999999998,5829.959999999999,62,64,1,1796.1700000000008
2025-12-01,2025,12,LAS2,LA ANGOSTURA SUR II,52164.39000000001,15321.680000000002,14,14,1,309.92999999999995
2025-12-01,2025,12,SBLA,SIERRAS BLANCAS,48356.27,4717.96,41,47,1,1176.26
2025-12-01,2025,12,MMN,MATA MORA NORTE,42121.06390000001,2983.202316,36,39,1,1089.7840500000002
2025-12-01,2025,12,BANE,BAJADA DE AÑELO,33255.26,31595.94,13,23,1,362.42999999999995
2025-12-01,2025,12,CAOS,COIRON AMARGO SUR OESTE,30872.579999999994,2863.4600000000005,38,39,1,1114.4100000000003
2025-12-01,2025,12,BTN,BAJO DEL TORO NORTE,29236.83,5125.96,18,22,1,373.19
2025-12-01,2025,12,FOR,FORTIN DE PIEDRA ,28288.773825,441714.89556999994,151,181,1,3744.5020830000003
2025-12-01,2025,12,AFED,AGUADA FEDERAL,26269.153000000002,3989.8220000000006,23,26,1,613.2169999999999
2025-12-01,2025,12,AGCO,AGUADA CÁNEPA,26133.1946,1463.47367,12,12,1,353.60417
2025-12-01,2025,12,PUP,PUESTO PARADA,23449.683100000002,1930.9327899999998,15,16,1,429.69722
2025-12-01,2025,12,LAES,LA ESCALONADA,22996.79,8030.97,5,8,1,151.23999999999998
2025-12-01,2025,12,CNO,CONFLUENCIA NORTE,19319.746,1116.0567999999998,4,4,1,123.85764
2025-12-01,2025,12,CSU,CONFLUENCIA SUR,18986.868,1210.3098,3,4,1,92.33402
2025-12-01,2025,12,LTE2,LOS TOLDOS II ESTE,12405.227128999999,3384.9102080000002,7,10,1,126.02082300000001
2025-12-01,2025,12,CAO,AGUA DEL CAJON,9665.509999999998,857.06,12,16,1,336.38
2025-12-01,2025,12,APE,AGUADA PICHANA ESTE  ,8395.621332,300908.87593999994,38,91,1,2358.9402609999993
2025-12-01,2025,12,LOJE,LOMA JARILLOSA ESTE,7025.07,654.1965200000001,6,11,1,179.83334
2025-12-01,2025,12,BNDC,BANDURRIA CENTRO,4523.585528,1047.042556,21,24,1,634.0694299999999
2025-12-01,2025,12,LTN1,LOS TOLDOS I NORTE,4374.9598,4482.5617,4,7,1,123.85139000000001
2025-12-01,2025,12,AVI,AGUADA VILLANUEVA,4050.009,7300.3240000000005,2,2,1,60.33
2025-12-01,2025,12,RGO,RIO NEUQUEN,3157.08,254.95,2,2,1,57.53
2025-12-01,2025,12,LRIB,LA RIBERA BLOQUE I ,2877.05,19803.1,20,20,1,599.2900000000001
2025-12-01,2025,12,AGMO,AGUILA MORA,1676.1640000000002,479.80499999999995,4,6,1,123.80000000000001
2025-12-01,2025,12,MBE,MESETA BUENA ESPERANZA,1609.716,6985.476000000001,2,2,1,37.75
2025-12-01,2025,12,RLCZ,RINCON LA CENIZA,1205.0099999999998,1637.58,9,18,1,99.06000000000002
2025-12-01,2025,12,LTS1,LOS TOLDOS I SUR,1095.1599999999999,2840.64,3,7,1,93.0
2025-12-01,2025,12,LDL,LOMA LA LATA - SIERRA BARROSA,1081.46,403.83,7,12,1,175.81
2025-12-01,2025,12,AGA,AGUADA DE LA ARENA,859.3299999999999,88240.44,4,36,1,467.96999999999997
2025-12-01,2025,12,CN7A,CN VII A,855.11,2115.3,1,1,1,31.0
2025-12-01,2025,12,CSN,CHIHUIDO DE LA SIERRA NEGRA,621.76,916.75,2,2,1,58.0
2025-12-01,2025,12,PURO,PUESTO ROJAS,521.1771,166.31359,3,9,1,91.58333
2025-12-01,2025,12,RDM,RINCON DEL MANGRULLO,513.51,95604.25000000001,37,51,1,665.55
2025-12-01,2025,12,SRO,SAN ROQUE,357.2,110.4553,2,8,1,13.520834
2025-12-01,2025,12,PBN,PASO DE LAS BARDAS NORTE,328.86,153.15,1,1,1,30.96
2025-12-01,2025,12,NDD,AL NORTE DE LA DORSAL,244.29,110.1,1,1,1,30.38
2025-12-01,2025,12,PSOE,PUESTO SILVA OESTE,167.75,0.0,3,4,1,91.0
2025-12-01,2025,12,VEGA,VEGA GRANDE,69.33,20.24,1,1,1,26.08
2025-12-01,2025,12,ELOR,EL OREJANO,63.34,15743.940000000002,1,95,1,253.07999999999998
2025-12-01,2025,12,BDTO,BAJO DEL TORO  ,32.55,1.91,1,3,1,0.98
2025-12-01,2025,12,ELO,ENTRE LOMAS,31.98837169,1.608979163,1,1,1,30.84916667
2025-12-01,2025,12,POR,EL PORVENIR,9.298384,0.0,1,3,1,31.0
2025-12-01,2025,12,AGCA,AGUADA DE CASTRO  ,0.0,0.0,0,10,1,0.0
2025-12-01,2025,12,BAGU,BAJO GUANACO,0.0,0.0,0,1,1,0.0
2025-12-01,2025,12,LSMA,LAS MANADAS,0.0,0.0,0,3,1,0.0
2025-12-01,2025,12,SICH,SIERRA CHATA,0.0,158390.61399999997,0,24,1,485.98193
2025-12-01,2025,12,LOAN,LOMA ANCHA,0.0,0.0,0,3,1,0.0
2025-12-01,2025,12,CRAR,CERRO ARENA ,0.0,0.0,0,3,1,0.0
2025-12-01,2025,12,LTAC,LAS TACANAS ,0.0,0.0,0,4,1,0.0
2025-12-01,2025,12,Z060,PARVA NEGRA ESTE,0.0,0.0,0,2,1,0.0
2025-12-01,2025,12,PNOE,PARVA NEGRA OESTE,0.0,0.0,0,2,1,0.0
2025-12-01,2025,12,LMOL,LOMA DEL MOLLE,0.0,0.0,0,2,1,0.0
2025-12-01,2025,12,CONE,CORRALERA NORESTE,0.0,0.0,0,2,1,0.0
2025-12-01,2025,12,CENC,CENTENARIO CENTRO,0.0,0.0,0,2,1,0.0
2025-12-01,2025,12,AGZ,AGUADA DEL CHIVATO - AGUADA BOCAREY,0.0,0.0,0,2,1,0.0
2025-12-01,2025,12,VRG,VALLE DEL RIO GRANDE,0.0,0.0,0,1,1,0.0
2025-12-01,2025,12,PDYI,PAMPA DE LAS YEGUAS I,0.0,39.19,0,4,1,31.0
2025-12-01,2025,12,APO,AGUADA PICHANA OESTE ,0.0,211725.4034,0,51,1,958.6520340000001
2025-12-01,2025,12,RIAT,RIO ATUEL,0.0,0.0,0,1,1,0.0
2025-12-01,2025,12,PYII,PAMPA DE LAS YEGUAS II,0.0,0.0,0,1,1,0.0
2025-12-01,2025,12,GRU,EL MANGRULLO,0.0,106394.09890000001,0,18,1,460.763912
2025-12-01,2025,12,PAYO,PAYUN OESTE,0.0,0.0,0,1,1,0.0
2025-12-01,2025,12,BNDN,BANDURRIA NORTE,0.0,0.0,0,5,1,0.0
2025-12-01,2025,12,LOAS,LOMA AMARILLA SUR,0.0,0.0,0,5,1,0.0
2025-12-01,2025,12,LRII,LA RIBERA BLOQUE II  ,0.0,0.0,0,1,1,0.0
2025-12-01,2025,12,HUA,EL TRAPIAL - CURAMCHED,0.0,0.0,0,1,1,0.0
2025-12-01,2025,12,NRBN,NARAMBUENA,0.0,0.0,0,9,1,0.0
2025-12-01,2025,12,COSU,CORRALERA SUR,0.0,0.0,0,1,1,0.0
2025-12-01,2025,12,CLMI,CERRO LAS MINAS ,0.0,0.0,0,1,1,0.0
2025-12-01,2025,12,LT2O,LOS TOLDOS II OESTE,0.0,0.0,0,4,1,0.0
